{"cameraMode":{"drawMode":0,"name":"Shaded","section":"Shading Mode"},"sceneLighting":false,"audioPlay":false,"sceneViewState":{"showFog":true,"showMaterialUpdate":false,"showSkybox":false,"showFlares":true,"showImageEffects":true,"showParticleSystems":true},"in2DMode":false,"pivot":{"x":-46.40673828125,"y":-31.58534049987793,"z":44.576324462890628},"rotation":{"x":0.005914507433772087,"y":-0.9940232634544373,"z":0.07200781255960465,"w":0.08249038457870484},"size":25.37338638305664,"orthographic":false}