{"cameraMode":{"drawMode":0,"name":"Shaded","section":"Shading Mode"},"sceneLighting":false,"audioPlay":false,"sceneViewState":{"showFog":true,"showMaterialUpdate":false,"showSkybox":false,"showFlares":true,"showImageEffects":true,"showParticleSystems":true},"in2DMode":false,"pivot":{"x":-42.47999954223633,"y":10.699999809265137,"z":40.880001068115237},"rotation":{"x":-0.06577111035585404,"y":0.9115198850631714,"z":-0.16048544645309449,"w":-0.37308043241500857},"size":12.461819648742676,"orthographic":false}