{"cameraMode":{"drawMode":0,"name":"Shaded","section":"Shading Mode"},"sceneLighting":false,"audioPlay":false,"sceneViewState":{"showFog":true,"showMaterialUpdate":false,"showSkybox":false,"showFlares":true,"showImageEffects":true,"showParticleSystems":true},"in2DMode":false,"pivot":{"x":-28.276687622070314,"y":20.5378360748291,"z":24.66710662841797},"rotation":{"x":-0.009002920240163803,"y":-0.9886831045150757,"z":0.13460104167461396,"w":-0.06623764336109162},"size":5.121589183807373,"orthographic":false}