{"cameraMode":{"drawMode":0,"name":"Shaded","section":"Shading Mode"},"sceneLighting":true,"audioPlay":false,"sceneViewState":{"showFog":true,"showMaterialUpdate":false,"showSkybox":true,"showFlares":true,"showImageEffects":true,"showParticleSystems":true},"in2DMode":false,"pivot":{"x":65.55657958984375,"y":11.190001487731934,"z":-45.72323226928711},"rotation":{"x":-0.058433447033166888,"y":0.4290042221546173,"z":-0.027952594682574273,"w":-0.9011865854263306},"size":1.4178876876831055,"orthographic":false}