{"cameraMode":{"drawMode":0,"name":"Shaded","section":"Shading Mode"},"sceneLighting":false,"audioPlay":false,"sceneViewState":{"showFog":true,"showMaterialUpdate":false,"showSkybox":false,"showFlares":true,"showImageEffects":true,"showParticleSystems":true},"in2DMode":false,"pivot":{"x":0.08130145072937012,"y":5.51727294921875,"z":12.334368705749512},"rotation":{"x":0.1263175904750824,"y":-0.48923248052597048,"z":0.0718088448047638,"w":0.8600372076034546},"size":7.883150100708008,"orthographic":false}