{"cameraMode":{"drawMode":0,"name":"Shaded","section":"Shading Mode"},"sceneLighting":false,"audioPlay":false,"sceneViewState":{"showFog":true,"showMaterialUpdate":false,"showSkybox":false,"showFlares":true,"showImageEffects":true,"showParticleSystems":true},"in2DMode":false,"pivot":{"x":-24.62803077697754,"y":-23.248674392700197,"z":31.358814239501954},"rotation":{"x":-0.03991295397281647,"y":0.667649507522583,"z":0.035875432193279269,"w":0.7425835728645325},"size":20.831642150878908,"orthographic":false}