{"cameraMode":{"drawMode":0,"name":"Shaded","section":"Shading Mode"},"sceneLighting":false,"audioPlay":false,"sceneViewState":{"showFog":true,"showMaterialUpdate":false,"showSkybox":false,"showFlares":true,"showImageEffects":true,"showParticleSystems":true},"in2DMode":false,"pivot":{"x":24.146652221679689,"y":-40.51001739501953,"z":34.17044448852539},"rotation":{"x":0.05298449471592903,"y":0.734401524066925,"z":-0.0575643889605999,"w":0.6743585467338562},"size":46.64029312133789,"orthographic":false}