{"cameraMode":{"drawMode":0,"name":"Shaded","section":"Shading Mode"},"sceneLighting":false,"audioPlay":false,"sceneViewState":{"showFog":true,"showMaterialUpdate":false,"showSkybox":false,"showFlares":true,"showImageEffects":true,"showParticleSystems":true},"in2DMode":false,"pivot":{"x":45.869998931884769,"y":-7.7346954345703129,"z":15.137543678283692},"rotation":{"x":-0.0737294852733612,"y":-0.02332988940179348,"z":0.0016954130260273815,"w":-0.9971073865890503},"size":12.257421493530274,"orthographic":false}