{"cameraMode":{"drawMode":0,"name":"Shaded","section":"Shading Mode"},"sceneLighting":false,"audioPlay":false,"sceneViewState":{"showFog":true,"showMaterialUpdate":false,"showSkybox":false,"showFlares":true,"showImageEffects":true,"showParticleSystems":true},"in2DMode":false,"pivot":{"x":-27.270000457763673,"y":10.609999656677246,"z":33.189998626708987},"rotation":{"x":-0.19597361981868745,"y":0.6696549654006958,"z":-0.18981270492076875,"w":-0.6908522248268127},"size":10.0,"orthographic":false}